mutant_label,oligo_label,sequence,scale,purification
a226f+l256w,a226f+l256w_oligo1,gtatttcggaaaaacCCAgctgctcagatcatt,25nm,standard
a226f+l256w,a226f+l256w_oligo2,atgccaattttcaaaAAAaaacatggtacgcca,25nm,standard
a226f,a226f_oligo1,atgccaattttcaaaAAAaaacatggtacgcca,25nm,standard
a246m+f546h,a246m+f546h_oligo1,gctgctttccatggtATGcaccacatcattatt,25nm,standard
a246m+f546h,a246m+f546h_oligo2,attcagaccatcaatCATatgcagaaaacgatg,25nm,standard
f243w+v544h,f243w+v544h_oligo1,ttccatggtaaacacATGatcattattggtttc,25nm,standard
f243w+v544h,f243w+v544h_oligo2,atcaatggcatgcagCCAacgatgcatatacag,25nm,standard
e120f+f243w+i421f+v544h,e120f+f243w+i421f+v544h_oligo1,ttccatggtaaacacATGatcattattggtttc,25nm,standard
e120f+f243w+i421f+v544h,e120f+f243w+i421f+v544h_oligo2,atcggtaatggtgatAAAgccaccggtaacggt,25nm,standard
e120f+f243w+i421f+v544h,e120f+f243w+i421f+v544h_oligo3,atcaatggcatgcagCCAacgatgcatatacag,25nm,standard
e120f+f243w+i421f+v544h,e120f+f243w+i421f+v544h_oligo4,ataggtcatatccatAAAacgaccaccgcgaat,25nm,standard
e120f+f243w+i421f,e120f+f243w+i421f_oligo1,atcggtaatggtgatAAAgccaccggtaacggt,25nm,standard
e120f+f243w+i421f,e120f+f243w+i421f_oligo2,atcaatggcatgcagCCAacgatgcatatacag,25nm,standard
e120f+f243w+i421f,e120f+f243w+i421f_oligo3,ataggtcatatccatAAAacgaccaccgcgaat,25nm,standard
e120f+f243w+i421f+v544f,e120f+f243w+i421f+v544f_oligo1,ttccatggtaaacacAAAatcattattggtttc,25nm,standard
e120f+f243w+i421f+v544f,e120f+f243w+i421f+v544f_oligo2,atcggtaatggtgatAAAgccaccggtaacggt,25nm,standard
e120f+f243w+i421f+v544f,e120f+f243w+i421f+v544f_oligo3,atcaatggcatgcagCCAacgatgcatatacag,25nm,standard
e120f+f243w+i421f+v544f,e120f+f243w+i421f+v544f_oligo4,ataggtcatatccatAAAacgaccaccgcgaat,25nm,standard
e120f+f225w+f243w+i421f+v544f,e120f+f225w+f243w+i421f+v544f_oligo1,ttccatggtaaacacAAAatcattattggtttc,25nm,standard
e120f+f225w+f243w+i421f+v544f,e120f+f225w+f243w+i421f+v544f_oligo2,atcggtaatggtgatAAAgccaccggtaacggt,25nm,standard
e120f+f225w+f243w+i421f+v544f,e120f+f225w+f243w+i421f+v544f_oligo3,atcaatggcatgcagCCAacgatgcatatacag,25nm,standard
e120f+f225w+f243w+i421f+v544f,e120f+f225w+f243w+i421f+v544f_oligo4,ccaattttcaaaggcCCAcatggtacgccaaaa,25nm,standard
e120f+f225w+f243w+i421f+v544f,e120f+f225w+f243w+i421f+v544f_oligo5,ataggtcatatccatAAAacgaccaccgcgaat,25nm,standard
e120f+m224d+f225w+f243w+i421f+v544f,e120f+m224d+f225w+f243w+i421f+v544f_oligo1,ttccatggtaaacacAAAatcattattggtttc,25nm,standard
e120f+m224d+f225w+f243w+i421f+v544f,e120f+m224d+f225w+f243w+i421f+v544f_oligo2,atcggtaatggtgatAAAgccaccggtaacggt,25nm,standard
e120f+m224d+f225w+f243w+i421f+v544f,e120f+m224d+f225w+f243w+i421f+v544f_oligo3,atcaatggcatgcagCCAacgatgcatatacag,25nm,standard
e120f+m224d+f225w+f243w+i421f+v544f,e120f+m224d+f225w+f243w+i421f+v544f_oligo4,ccaattttcaaaggcCCAATCggtacgccaaaaggt,25nm,standard
e120f+m224d+f225w+f243w+i421f+v544f,e120f+m224d+f225w+f243w+i421f+v544f_oligo5,ataggtcatatccatAAAacgaccaccgcgaat,25nm,standard
e120a+f225y+f546h,e120a+f225y+f546h_oligo1,gctgctttccatggtATGcaccacatcattatt,25nm,standard
e120a+f225y+f546h,e120a+f225y+f546h_oligo2,ccaattttcaaaggcATAcatggtacgccaaaa,25nm,standard
e120a+f225y+f546h,e120a+f225y+f546h_oligo3,ataggtcatatccatCGCacgaccaccgcgaat,25nm,standard
e120a+f225y+f546h,e120a+f225y+f546h_oligo1,gctgctttccatggtATGcaccacatcattatt,25nm,standard
e120a+f225y+f546h,e120a+f225y+f546h_oligo2,ccaattttcaaaggcATAcatggtacgccaaaa,25nm,standard
e120a+f225y+f546h,e120a+f225y+f546h_oligo3,ataggtcatatccatCGCacgaccaccgcgaat,25nm,standard
g118t+f225y+a226f+t509d+f546h,g118t+f225y+a226f+t509d+f546h_oligo1,gctgctttccatggtATGcaccacatcattatt,25nm,standard
g118t+f225y+a226f+t509d+f546h,g118t+f225y+a226f+t509d+f546h_oligo2,aggcataaacatgctATCaatatacggcataaa,25nm,standard
g118t+f225y+a226f+t509d+f546h,g118t+f225y+a226f+t509d+f546h_oligo3,atgccaattttcaaaAAAATAcatggtacgccaaaa,25nm,standard
g118t+f225y+a226f+t509d+f546h,g118t+f225y+a226f+t509d+f546h_oligo4,catatccatttcacgGGTaccgcgaatgatata,25nm,standard
l250w,l250w_oligo1,gctgctcagatcattCCAaccatcaatggcatg,25nm,standard
m224a+f225y+a226f+l256w,m224a+f225y+a226f+l256w_oligo1,gtatttcggaaaaacCCAgctgctcagatcatt,25nm,standard
m224a+f225y+a226f+l256w,m224a+f225y+a226f+l256w_oligo2,atgccaattttcaaaAAAATACGCggtacgccaaaaggt,25nm,standard
m224d+a226f+l256w,m224d+a226f+l256w_oligo1,gtatttcggaaaaacCCAgctgctcagatcatt,25nm,standard
m224d+a226f+l256w,m224d+a226f+l256w_oligo2,atgccaattttcaaaAAAaaaATCggtacgccaaaaggt,25nm,standard
f225y+a226f+l256w+t509d+f546h,f225y+a226f+l256w+t509d+f546h_oligo1,gctgctttccatggtATGcaccacatcattatt,25nm,standard
f225y+a226f+l256w+t509d+f546h,f225y+a226f+l256w+t509d+f546h_oligo2,aggcataaacatgctATCaatatacggcataaa,25nm,standard
f225y+a226f+l256w+t509d+f546h,f225y+a226f+l256w+t509d+f546h_oligo3,gtatttcggaaaaacCCAgctgctcagatcatt,25nm,standard
f225y+a226f+l256w+t509d+f546h,f225y+a226f+l256w+t509d+f546h_oligo4,atgccaattttcaaaAAAATAcatggtacgccaaaa,25nm,standard
f225y+a226f+l256w,f225y+a226f+l256w_oligo1,gtatttcggaaaaacCCAgctgctcagatcatt,25nm,standard
f225y+a226f+l256w,f225y+a226f+l256w_oligo2,atgccaattttcaaaAAAATAcatggtacgccaaaa,25nm,standard
f225y+a226f+t509d+f546h,f225y+a226f+t509d+f546h_oligo1,gctgctttccatggtATGcaccacatcattatt,25nm,standard
f225y+a226f+t509d+f546h,f225y+a226f+t509d+f546h_oligo2,aggcataaacatgctATCaatatacggcataaa,25nm,standard
f225y+a226f+t509d+f546h,f225y+a226f+t509d+f546h_oligo3,atgccaattttcaaaAAAATAcatggtacgccaaaa,25nm,standard
y125w+f243w+v544l,y125w+f243w+v544l_oligo1,ttccatggtaaacacCAGatcattattggtttc,25nm,standard
y125w+f243w+v544l,y125w+f243w+v544l_oligo2,atcaatggcatgcagCCAacgatgcatatacag,25nm,standard
y125w+f243w+v544l,y125w+f243w+v544l_oligo3,gtcccacagattttcCCAggtcatatccatttc,25nm,standard
y454w+l456a,y454w+l456a_oligo1,ctctttatccataaaCGCtgcCCAaacccacagaaccag,25nm,standard
